Transfer Time,Player,Transfer amount,Seller,Buyer
21/05/2021 - 06:38,Coke,2.241.373 €,futmondo,Jon Arrieta
20/05/2021 - 07:11,Mickaël Malsa,5.273.093 €,Javier Urrestarazu García,futmondo
20/05/2021 - 07:11,Albiol,11.810.735 €,Javier Urrestarazu García,futmondo
20/05/2021 - 07:06,Roberto Torres,10.220.270 €,Jon Arrieta,futmondo
20/05/2021 - 07:00,Berenguer,30.890.997 €,Jon Arrieta,futmondo
20/05/2021 - 06:37,Modric,63.333.333 €,futmondo,Jon Arrieta
20/05/2021 - 06:37,Kevin Vázquez,2.309.009 €,futmondo,Iñigo Baquedano
20/05/2021 - 06:37,Suso Fernández,35.700.001 €,futmondo,Javier Urrestarazu García
19/05/2021 - 07:17,Vavro,1.521.191 €,Jon Arrieta,futmondo
18/05/2021 - 06:36,Racic,3.100.000 €,futmondo,Tito Floren
18/05/2021 - 06:36,Maxi Gómez,25.555.555 €,futmondo,Jon Arrieta
17/05/2021 - 07:41,Acuña,24.036.160 €,Jon Arrieta,futmondo
17/05/2021 - 06:35,Dani Calvo,3.409.009 €,futmondo,Iñigo Baquedano
16/05/2021 - 22:06,Gazzaniga,1.216.365 €,Juanjo,futmondo
16/05/2021 - 17:24,Óscar Duarte,1.800.000 €,Juanjo,jose_00014
16/05/2021 - 06:36,Solari,2.258.655 €,futmondo,Juanjo
16/05/2021 - 06:36,Edu Expósito,6.001.000 €,futmondo,Jon Arrieta
16/05/2021 - 06:36,Felipe,4.182.888 €,futmondo,Juanjo
15/05/2021 - 11:05,Kroos,48.567.405 €,Jon Arrieta,futmondo
14/05/2021 - 06:36,Kroos,60.638.888 €,futmondo,Jon Arrieta
14/05/2021 - 00:19,Víctor Díaz,1.041.442 €,Iñigo Baquedano,futmondo
13/05/2021 - 06:35,Mikel Rico,7.176.586 €,futmondo,ANDEReibar
12/05/2021 - 23:01,Lemar,17.048.504 €,Jorge Solitario,futmondo
12/05/2021 - 23:01,Pablo Ínsua,1.008.790 €,Jorge Solitario,futmondo
12/05/2021 - 06:35,Enes Ünal,2.666.666 €,futmondo,Jon Arrieta
12/05/2021 - 06:35,Mosquera,7.300.000 €,futmondo,Jorge Solitario
11/05/2021 - 15:00,Óscar Duarte,2.000.000 €,jose_00014,Juanjo
11/05/2021 - 13:05,Dani Calvo,2.167.025 €,Iñigo Baquedano,futmondo
11/05/2021 - 13:04,Rubén Sobrino,2.618.639 €,Iñigo Baquedano,futmondo
11/05/2021 - 13:04,David García,18.144.888 €,Iñigo Baquedano,futmondo
11/05/2021 - 08:47,Kodro,1.012.109 €,Tito Floren,futmondo
11/05/2021 - 07:10,Pulido,2.856.704 €,Iñigo Baquedano,futmondo
11/05/2021 - 07:10,José Mari,3.167.627 €,Iñigo Baquedano,futmondo
11/05/2021 - 06:36,Maffeo,15.709.009 €,futmondo,Iñigo Baquedano
11/05/2021 - 06:36,Militao,22.109.009 €,futmondo,Iñigo Baquedano
11/05/2021 - 06:36,Helibelton Palacios,1.325.000 €,futmondo,jose_00014
10/05/2021 - 15:45,Isco,1.272.301 €,Tito Floren,futmondo
09/05/2021 - 21:29,Mingueza,21.984.594 €,Juanjo,futmondo
09/05/2021 - 08:11,Mosquera,5.988.742 €,ANDEReibar,futmondo
09/05/2021 - 08:11,Soldado,3.680.907 €,ANDEReibar,futmondo
09/05/2021 - 08:10,Pacheco,10.065.478 €,ANDEReibar,futmondo
09/05/2021 - 08:10,Salvi,8.205.636 €,ANDEReibar,futmondo
09/05/2021 - 06:35,Roberto Torres,13.333.333 €,futmondo,Jon Arrieta
09/05/2021 - 06:35,Kike García,37.500.000 €,futmondo,ANDEReibar
08/05/2021 - 23:52,Rubén García,37.366.548 €,Jon Arrieta,futmondo
08/05/2021 - 22:44,Josema,1.212.292 €,Juanjo,futmondo
08/05/2021 - 08:04,Chukwueze,10.503.989 €,Jon Arrieta,futmondo
08/05/2021 - 06:34,Brasanac,2.397.549 €,futmondo,Juanjo
07/05/2021 - 07:11,Marcos André,1.024.454 €,Juanjo,futmondo
07/05/2021 - 07:10,Blanco,1.044.285 €,Juanjo,futmondo
07/05/2021 - 06:37,Brais Méndez,26.209.009 €,futmondo,Iñigo Baquedano
07/05/2021 - 06:37,Martín,1.300.000 €,futmondo,Jorge Solitario
06/05/2021 - 06:37,Jaime Mata,7.309.009 €,futmondo,Iñigo Baquedano
06/05/2021 - 06:37,Víctor Díaz,1.809.009 €,futmondo,Iñigo Baquedano
06/05/2021 - 06:37,Sancet,1.658.585 €,futmondo,Juanjo
05/05/2021 - 06:37,Jorge Molina,3.000.001 €,futmondo,Tito Floren
05/05/2021 - 06:37,Kondogbia,1.500.000 €,futmondo,Jon Arrieta
04/05/2021 - 23:10,Kenedy,12.261.850 €,jose_00014,futmondo
04/05/2021 - 22:50,Dani Gómez,1.024.252 €,Juanjo,futmondo
04/05/2021 - 10:12,Jairo,1.024.121 €,Tito Floren,futmondo
04/05/2021 - 08:22,Renato Tapia,22.617.298 €,Juanjo,futmondo
04/05/2021 - 07:18,Pedri,62.074.531 €,Iñigo Baquedano,futmondo
04/05/2021 - 06:36,Carrasco,43.715.280 €,futmondo,jose_00014
04/05/2021 - 06:36,Ivi Alejo,1.300.000 €,futmondo,Tito Floren
03/05/2021 - 21:36,Juanmi,1.065.071 €,jose_00014,futmondo
03/05/2021 - 21:36,Okazaki,1.025.133 €,jose_00014,futmondo
03/05/2021 - 06:36,Pau Torres,34.218.154 €,futmondo,Juanjo
02/05/2021 - 06:35,L. Suárez,26.709.009 €,futmondo,Iñigo Baquedano
01/05/2021 - 10:00,Foyth,1.653.827 €,Iñigo Baquedano,futmondo
01/05/2021 - 06:35,Gazzaniga,1.685.585 €,futmondo,Juanjo
30/04/2021 - 17:18,Carlos Fernández,1.157.786 €,Jon Arrieta,futmondo
30/04/2021 - 17:18,Rochina,3.090.097 €,Jon Arrieta,futmondo
30/04/2021 - 08:02,Aitor Fernández,3.871.503 €,Tito Floren,futmondo
30/04/2021 - 08:01,Carvajal,22.160.421 €,Jon Arrieta,futmondo
30/04/2021 - 06:38,Rubén García,36.667.493 €,futmondo,Jon Arrieta
30/04/2021 - 06:38,Blanco,1.000.000 €,futmondo,Juanjo
30/04/2021 - 06:38,Josema,1.075.652 €,futmondo,Juanjo
30/04/2021 - 00:27,Jaime Seoane,10.207.669 €,Iñigo Baquedano,futmondo
30/04/2021 - 00:27,Roger Martí,27.200.000 €,Iñigo Baquedano,Tito Floren
28/04/2021 - 08:09,Unai Simón,7.000.000 €,Juanjo,Tito Floren
28/04/2021 - 06:36,Laguardia,5.850.000 €,futmondo,MIKEL POZO
27/04/2021 - 19:03,Bartra,1.235.347 €,Jorge Solitario,futmondo
27/04/2021 - 13:16,Asensio,27.815.214 €,Tito Floren,futmondo
27/04/2021 - 06:36,Melero,12.209.009 €,futmondo,Iñigo Baquedano
26/04/2021 - 22:51,Álex Fdez,21.824.312 €,Juanjo,futmondo
26/04/2021 - 07:52,Cheryshev,1.262.025 €,Jon Arrieta,futmondo
26/04/2021 - 06:36,Trigueros,23.500.000 €,futmondo,Jorge Solitario
26/04/2021 - 06:36,Iván Villar,2.174.878 €,futmondo,Juanjo
25/04/2021 - 06:35,Jairo,1.400.000 €,futmondo,Tito Floren
25/04/2021 - 06:35,Unai Núñez,1.800.000 €,futmondo,Tito Floren
25/04/2021 - 06:35,Pablo Ínsua,2.500.000 €,futmondo,Jorge Solitario
25/04/2021 - 06:35,Joan Jordan,25.684.877 €,futmondo,Juanjo
25/04/2021 - 06:35,Darwin Machís,28.609.009 €,futmondo,Iñigo Baquedano
24/04/2021 - 08:55,Álex Moreno,11.744.723 €,Javier Urrestarazu García,futmondo
24/04/2021 - 07:15,Mario Hermoso,21.008.504 €,MIKEL POZO,futmondo
24/04/2021 - 06:40,Wass,22.600.000 €,futmondo,MIKEL POZO
24/04/2021 - 06:40,Mickaël Malsa,15.000.001 €,futmondo,Javier Urrestarazu García
23/04/2021 - 09:38,Ivi Alejo,1.067.012 €,Tito Floren,futmondo
23/04/2021 - 08:43,Weissman,4.169.363 €,Jorge Solitario,futmondo
23/04/2021 - 07:00,Helibelton Palacios,1.051.838 €,Juanjo,futmondo
23/04/2021 - 06:39,Oliveira,2.600.000 €,futmondo,Tito Floren
22/04/2021 - 22:04,Edgar Badía,21.931.593 €,jose_00014,futmondo
22/04/2021 - 06:38,Sergio Herrera,6.658.019 €,futmondo,jose_00014
21/04/2021 - 07:38,Joaquín Fernández,2.519.804 €,Iñigo Baquedano,futmondo
21/04/2021 - 06:38,Foyth,4.509.009 €,futmondo,Iñigo Baquedano
20/04/2021 - 22:52,Fede Valverde,17.212.512 €,Jorge Solitario,futmondo
20/04/2021 - 10:12,Bruno González,1.065.494 €,Tito Floren,futmondo
20/04/2021 - 10:12,Nacho Martínez,1.059.241 €,Tito Floren,futmondo
20/04/2021 - 06:37,Mandi,11.200.000 €,futmondo,Jorge Solitario
18/04/2021 - 13:22,Villalibre,1.690.748 €,Tito Floren,futmondo
18/04/2021 - 13:08,Torreira,1.044.767 €,Tito Floren,futmondo
18/04/2021 - 06:36,Asensio,27.600.000 €,futmondo,Tito Floren
18/04/2021 - 03:43,Sergio Herrera,5.056.717 €,Iñigo Baquedano,futmondo
17/04/2021 - 06:36,Dani Gómez,2.155.258 €,futmondo,Juanjo
16/04/2021 - 15:07,Joel,1.053.943 €,Jon Arrieta,futmondo
16/04/2021 - 06:36,Álex Moreno,12.096.861 €,futmondo,Javier Urrestarazu García
16/04/2021 - 06:36,Sergi Roberto,6.682.000 €,futmondo,MIKEL POZO
15/04/2021 - 15:15,Carrillo,1.923.502 €,Juanjo,futmondo
15/04/2021 - 10:31,Bacca,3.705.107 €,Javier Urrestarazu García,futmondo
15/04/2021 - 07:43,Edu Expósito,5.449.350 €,ANDEReibar,futmondo
15/04/2021 - 06:36,Gorosabel,22.500.000 €,futmondo,ANDEReibar
15/04/2021 - 01:22,Alejandro Pozo,2.960.093 €,Iñigo Baquedano,futmondo
15/04/2021 - 01:20,Joan Jordan,25.928.421 €,Iñigo Baquedano,futmondo
14/04/2021 - 22:05,Dani Escriche,3.273.402 €,Tito Floren,futmondo
14/04/2021 - 16:15,Domingos Duarte,9.051.167 €,Jorge Solitario,futmondo
14/04/2021 - 06:36,Olaza,13.500.000 €,futmondo,Tito Floren
14/04/2021 - 06:36,Nolito,31.111.111 €,futmondo,Jorge Solitario
14/04/2021 - 06:36,Fede Valverde,16.500.000 €,futmondo,Jorge Solitario
14/04/2021 - 06:36,Tete Morente,5.810.000 €,futmondo,Jorge Solitario
14/04/2021 - 00:18,Dest,23.860.465 €,Iñigo Baquedano,futmondo
13/04/2021 - 06:35,Aitor Ruibal,5.109.009 €,futmondo,Iñigo Baquedano
13/04/2021 - 06:35,Carvajal,22.555.555 €,futmondo,Jon Arrieta
12/04/2021 - 23:45,Mandi,10.646.279 €,Juanjo,futmondo
12/04/2021 - 07:59,Lucas Vázquez,30.839.003 €,Tito Floren,futmondo
12/04/2021 - 06:35,Pacheco,10.200.000 €,futmondo,ANDEReibar
11/04/2021 - 18:46,Diop,1.837.208 €,Javier Urrestarazu García,futmondo
11/04/2021 - 06:34,David Soria,5.609.009 €,futmondo,Iñigo Baquedano
11/04/2021 - 06:34,Pedri,56.609.009 €,futmondo,Iñigo Baquedano
10/04/2021 - 06:34,Gabriel Paulista,13.352.855 €,futmondo,Juanjo
09/04/2021 - 07:17,Remiro,10.189.423 €,Jon Arrieta,futmondo
09/04/2021 - 06:58,Gayá,32.650.212 €,Iñigo Baquedano,futmondo
09/04/2021 - 06:37,Rochina,5.800.001 €,futmondo,Jon Arrieta
09/04/2021 - 06:37,Kodro,1.100.000 €,futmondo,Tito Floren
09/04/2021 - 06:37,Ivi Alejo,1.400.001 €,futmondo,Tito Floren
09/04/2021 - 06:37,Jonsson,5.700.000 €,futmondo,Juanjo
08/04/2021 - 14:05,Manu Sánchez,1.011.005 €,Tito Floren,futmondo
08/04/2021 - 06:36,Isco,1.500.000 €,futmondo,Tito Floren
08/04/2021 - 06:36,Cheryshev,1.222.222 €,futmondo,Jon Arrieta
07/04/2021 - 08:03,Perea,6.300.431 €,Jon Arrieta,futmondo
07/04/2021 - 07:02,Maffeo,19.096.557 €,Juanjo,futmondo
07/04/2021 - 06:35,Vavro,1.333.333 €,futmondo,Jon Arrieta
07/04/2021 - 06:35,Nacho Martínez,1.200.000 €,futmondo,Tito Floren
07/04/2021 - 06:35,Mingueza,20.754.845 €,futmondo,Juanjo
06/04/2021 - 23:05,Isak,61.000.104 €,Jorge Solitario,futmondo
06/04/2021 - 20:55,Bartra,1.750.000 €,Tito Floren,Jorge Solitario
06/04/2021 - 06:35,Lemar,22.000.000 €,futmondo,Jorge Solitario
06/04/2021 - 06:35,Joel,1.379.655 €,futmondo,Jon Arrieta
06/04/2021 - 00:14,Cillessen,3.760.187 €,Iñigo Baquedano,futmondo
05/04/2021 - 09:46,Quina,2.051.179 €,Juanjo,futmondo
05/04/2021 - 08:39,Kang-in Lee,2.023.386 €,Jon Arrieta,futmondo
05/04/2021 - 08:39,Juan Miranda,1.971.116 €,Jon Arrieta,futmondo
05/04/2021 - 07:03,Maxi Gómez,22.885.453 €,ANDEReibar,futmondo
05/04/2021 - 06:34,Joan Jordan,24.809.009 €,futmondo,Iñigo Baquedano
05/04/2021 - 02:06,Kubo,14.734.800 €,Iñigo Baquedano,futmondo
03/04/2021 - 09:17,Mikel Rico,11.975.758 €,Jorge Solitario,futmondo
03/04/2021 - 06:34,Dest,23.409.009 €,futmondo,Iñigo Baquedano
02/04/2021 - 18:32,Bartra,1.250.000 €,Jorge Solitario,Tito Floren
02/04/2021 - 18:28,Budimir,10.021.482 €,Tito Floren,futmondo
02/04/2021 - 18:27,Marcos Llorente,59.894.824 €,Tito Floren,futmondo
02/04/2021 - 11:03,Gabriel Paulista,13.979.194 €,Iñigo Baquedano,futmondo
02/04/2021 - 11:03,David Silva,46.229.944 €,Iñigo Baquedano,futmondo
02/04/2021 - 10:54,Ocampos,64.344.146 €,Juanjo,futmondo
01/04/2021 - 23:07,Foyth,2.692.816 €,Jorge Solitario,futmondo
01/04/2021 - 07:35,Marcone,3.300.000 €,futmondo,Tito Floren
01/04/2021 - 02:45,Yuri,19.887.029 €,Iñigo Baquedano,futmondo
31/03/2021 - 18:08,Quique González,991.357 €,ANDEReibar,futmondo
31/03/2021 - 07:47,Sergio Ramos,52.516.450 €,Jon Arrieta,futmondo
31/03/2021 - 07:35,Yoshinori Muto,1.000.000 €,futmondo,ANDEReibar
31/03/2021 - 03:38,Jony,2.242.716 €,Iñigo Baquedano,futmondo
31/03/2021 - 03:37,Oblak,47.303.381 €,Iñigo Baquedano,futmondo
31/03/2021 - 00:18,Sergio León,982.452 €,ANDEReibar,futmondo
30/03/2021 - 07:34,Perea,6.666.666 €,futmondo,Jon Arrieta
30/03/2021 - 07:34,Joaquín Fernández,6.209.009 €,futmondo,Iñigo Baquedano
29/03/2021 - 07:40,Gorosabel,24.378.576 €,Jon Arrieta,futmondo
28/03/2021 - 06:37,Giménez,16.777.777 €,futmondo,Jon Arrieta
27/03/2021 - 23:08,Tete Morente,4.287.793 €,Jorge Solitario,futmondo
27/03/2021 - 08:34,Aleix García,1.065.456 €,ANDEReibar,futmondo
27/03/2021 - 06:37,Salvi,10.100.000 €,futmondo,ANDEReibar
27/03/2021 - 06:37,Pulido,2.509.009 €,futmondo,Iñigo Baquedano
27/03/2021 - 06:37,Kubo,14.409.009 €,futmondo,Iñigo Baquedano
26/03/2021 - 14:35,Orellana,21.918.309 €,Tito Floren,futmondo
26/03/2021 - 06:42,Javi Galán,30.110.753 €,Juanjo,futmondo
26/03/2021 - 06:36,Bacca,4.715.501 €,futmondo,Javier Urrestarazu García
25/03/2021 - 06:36,Yoel,1.000.001 €,futmondo,ANDEReibar
25/03/2021 - 06:36,Claudio Bravo,2.555.555 €,futmondo,Jon Arrieta
25/03/2021 - 06:36,Pere Milla,2.126.126 €,futmondo,Javier Urrestarazu García
25/03/2021 - 06:36,Álex Fdez,26.558.855 €,futmondo,Juanjo
25/03/2021 - 06:36,Bartra,1.000.001 €,futmondo,Jorge Solitario
25/03/2021 - 06:36,Gayá,31.209.009 €,futmondo,Iñigo Baquedano
25/03/2021 - 06:36,Denis Suárez,21.500.011 €,futmondo,Tito Floren
24/03/2021 - 15:37,Marcone,2.592.019 €,Juanjo,futmondo
24/03/2021 - 15:33,Calleri,4.888.920 €,Juanjo,futmondo
24/03/2021 - 07:38,Unai López,1.281.112 €,Jon Arrieta,futmondo
24/03/2021 - 07:19,Unai Núñez,1.066.562 €,MIKEL POZO,futmondo
24/03/2021 - 06:35,Sergio Ramos,49.711.111 €,futmondo,Jon Arrieta
24/03/2021 - 06:35,Rakitic,4.100.000 €,futmondo,MIKEL POZO
24/03/2021 - 06:35,Juanmi,1.510.666 €,futmondo,jose_00014
23/03/2021 - 06:52,Aitor Ruibal,2.601.747 €,Juanjo,futmondo
23/03/2021 - 06:51,Aihen Muñoz,1.559.769 €,Juanjo,futmondo
23/03/2021 - 06:35,Ocampos,62.695.565 €,futmondo,Juanjo
23/03/2021 - 06:35,Helibelton Palacios,1.658.858 €,futmondo,Juanjo
23/03/2021 - 06:35,Guedes,15.685.556 €,futmondo,Juanjo
22/03/2021 - 21:19,Balenziaga,1.175.584 €,MIKEL POZO,futmondo
22/03/2021 - 09:42,Rochina,5.697.443 €,Tito Floren,futmondo
22/03/2021 - 06:35,Jony,3.509.009 €,futmondo,Iñigo Baquedano
22/03/2021 - 06:35,Gabriel Paulista,12.709.009 €,futmondo,Iñigo Baquedano
22/03/2021 - 06:35,Marcos Llorente,75.000.011 €,futmondo,Tito Floren
22/03/2021 - 06:35,Oblak,42.809.009 €,futmondo,Iñigo Baquedano
22/03/2021 - 06:35,Ilaix Moriba,1.195.000 €,futmondo,jose_00014
21/03/2021 - 20:35,Postigo,1.065.952 €,ANDEReibar,futmondo
21/03/2021 - 06:34,Quina,2.485.721 €,futmondo,Juanjo
21/03/2021 - 06:34,Yuri,17.709.009 €,futmondo,Iñigo Baquedano
20/03/2021 - 21:33,Blanco,1.248.333 €,ANDEReibar,futmondo
20/03/2021 - 16:21,Joel,2.203.879 €,Jon Arrieta,futmondo
20/03/2021 - 16:21,Capoue,6.642.878 €,Jon Arrieta,futmondo
20/03/2021 - 15:58,Jorge Molina,1.562.673 €,Jorge Solitario,futmondo
20/03/2021 - 06:34,Acuña,12.666.666 €,futmondo,Jon Arrieta
20/03/2021 - 06:34,Rafa Mir,31.234.567 €,futmondo,Jorge Solitario
19/03/2021 - 08:06,William Carvalho,1.027.072 €,Iñigo Baquedano,futmondo
19/03/2021 - 06:36,Cillessen,3.400.000 €,futmondo,Iñigo Baquedano
18/03/2021 - 06:36,Gonalons,2.500.000 €,futmondo,Jorge Solitario
17/03/2021 - 14:32,Iñigo Pérez,1.066.302 €,Juanjo,futmondo
17/03/2021 - 06:36,Villalibre,1.250.001 €,futmondo,Tito Floren
17/03/2021 - 06:36,Unai Núñez,1.155.000 €,futmondo,MIKEL POZO
16/03/2021 - 15:20,Munir,3.172.894 €,MIKEL POZO,futmondo
16/03/2021 - 06:35,Aitor Ruibal,2.784.548 €,futmondo,Juanjo
16/03/2021 - 06:35,Balenziaga,1.100.000 €,futmondo,MIKEL POZO
15/03/2021 - 08:02,Yuri,18.643.246 €,Jorge Solitario,futmondo
15/03/2021 - 07:07,Solari,3.339.007 €,Juanjo,futmondo
15/03/2021 - 06:35,Manu García,1.430.737 €,MIKEL POZO,futmondo
14/03/2021 - 06:34,Raúl Guti,5.250.000 €,futmondo,MIKEL POZO
14/03/2021 - 06:34,Aridane,16.412.085 €,futmondo,jose_00014
13/03/2021 - 06:34,Dani Calvo,2.109.009 €,futmondo,Iñigo Baquedano
13/03/2021 - 06:34,Aihen Muñoz,1.578.454 €,futmondo,Juanjo
12/03/2021 - 14:27,Josan,13.779.246 €,Jorge Solitario,futmondo
12/03/2021 - 14:27,Oier,2.563.709 €,Jorge Solitario,futmondo
12/03/2021 - 08:25,Hugo Duro,981.426 €,Jorge Solitario,futmondo
12/03/2021 - 07:01,Óliver Torres,3.798.414 €,Iñigo Baquedano,futmondo
12/03/2021 - 06:59,Dest,19.632.853 €,Iñigo Baquedano,futmondo
12/03/2021 - 06:59,Raúl García,22.436.540 €,Iñigo Baquedano,futmondo
12/03/2021 - 06:36,Iñigo Pérez,1.000.000 €,futmondo,Juanjo
12/03/2021 - 06:36,David Silva,49.119.009 €,futmondo,Iñigo Baquedano
12/03/2021 - 06:36,Emerson,26.500.000 €,futmondo,Jorge Solitario
11/03/2021 - 08:21,Dani García,1.046.117 €,MIKEL POZO,futmondo
10/03/2021 - 21:17,Sergio León,2.000.005 €,jose_00014,ANDEReibar
10/03/2021 - 17:41,Chukwueze,5.000.000 €,Jorge Solitario,Jon Arrieta
10/03/2021 - 16:57,Racic,3.385.863 €,Tito Floren,futmondo
10/03/2021 - 15:19,Mario Gaspar,3.078.598 €,futmondo,jose_00014
09/03/2021 - 08:32,Jaime Mata,10.853.950 €,Tito Floren,futmondo
09/03/2021 - 06:48,Yeray,11.324.426 €,MIKEL POZO,futmondo
09/03/2021 - 06:48,Trincao,2.461.802 €,MIKEL POZO,futmondo
09/03/2021 - 06:48,Yoshinori Muto,1.037.314 €,MIKEL POZO,futmondo
09/03/2021 - 06:48,Manu Vallejo,2.129.459 €,MIKEL POZO,futmondo
09/03/2021 - 06:46,Deyverson,1.026.074 €,MIKEL POZO,futmondo
09/03/2021 - 06:46,Timor,1.020.193 €,MIKEL POZO,futmondo
09/03/2021 - 06:36,Guardiola,4.697.152 €,futmondo,jose_00014
09/03/2021 - 01:57,Idrissa Doumbia,2.509.257 €,Iñigo Baquedano,futmondo
08/03/2021 - 08:51,Víctor Díaz,1.183.251 €,Jorge Solitario,futmondo
07/03/2021 - 07:21,Mojica,3.432.103 €,Javier Urrestarazu García,futmondo
07/03/2021 - 06:34,Budimir,15.500.000 €,futmondo,Tito Floren
07/03/2021 - 06:34,Nacho,9.333.333 €,futmondo,Javier Urrestarazu García
06/03/2021 - 23:22,Tello,8.947.087 €,Javier Urrestarazu García,futmondo
06/03/2021 - 09:27,Rubén Peña,4.727.538 €,jose_00014,futmondo
06/03/2021 - 06:34,Marcone,2.468.518 €,futmondo,Juanjo
06/03/2021 - 06:34,Arambarri,23.850.000 €,futmondo,MIKEL POZO
06/03/2021 - 06:34,Antonio Puertas,5.123.123 €,futmondo,Javier Urrestarazu García
05/03/2021 - 16:04,Sergio León,2.000.000 €,ANDEReibar,jose_00014
05/03/2021 - 09:39,Vesga,1.963.659 €,Iñigo Baquedano,futmondo
05/03/2021 - 09:39,Guardiola,2.414.694 €,Iñigo Baquedano,futmondo
05/03/2021 - 07:52,Asensio,24.869.190 €,Jon Arrieta,futmondo
05/03/2021 - 06:50,Coke,800.000 €,Javier Urrestarazu García,futmondo
05/03/2021 - 06:50,Giménez,14.939.772 €,Javier Urrestarazu García,futmondo
05/03/2021 - 06:36,Berenguer,23.333.333 €,futmondo,Jon Arrieta
05/03/2021 - 06:36,Mathías Olivera,4.409.009 €,futmondo,Iñigo Baquedano
05/03/2021 - 06:36,Mosquera,6.600.000 €,futmondo,ANDEReibar
04/03/2021 - 20:44,Rekik,1.228.483 €,Jorge Solitario,futmondo
04/03/2021 - 18:54,Kondogbia,1.405.865 €,Jon Arrieta,futmondo
04/03/2021 - 07:03,Gonalons,963.716 €,Iñigo Baquedano,futmondo
04/03/2021 - 07:03,Ledesma,7.742.120 €,Iñigo Baquedano,futmondo
04/03/2021 - 06:36,Lucas Vázquez,28.300.001 €,futmondo,Tito Floren
04/03/2021 - 06:36,Chukwueze,4.100.000 €,futmondo,Jorge Solitario
03/03/2021 - 23:19,Víctor Rodríguez,1.064.285 €,Juanjo,futmondo
03/03/2021 - 10:11,Papu Gómez,57.936.223 €,Tito Floren,futmondo
03/03/2021 - 07:29,Lekue,1.045.871 €,Jorge Solitario,futmondo
03/03/2021 - 06:36,Djené,22.540.001 €,futmondo,Javier Urrestarazu García
03/03/2021 - 06:36,Jaime Mata,12.500.001 €,futmondo,Tito Floren
03/03/2021 - 06:36,Rochina,5.000.001 €,futmondo,Tito Floren
03/03/2021 - 06:36,Dest,19.609.009 €,futmondo,Iñigo Baquedano
03/03/2021 - 06:36,Víctor Díaz,1.065.000 €,futmondo,Jorge Solitario
03/03/2021 - 00:06,Íñigo Martínez,10.480.050 €,Iñigo Baquedano,futmondo
02/03/2021 - 19:46,Aitor Ruibal,3.188.638 €,Juanjo,futmondo
02/03/2021 - 09:08,Bigas,2.699.808 €,Javier Urrestarazu García,futmondo
02/03/2021 - 08:56,Álex Moreno,8.881.205 €,Tito Floren,futmondo
02/03/2021 - 07:06,Pau Torres,37.591.571 €,Javier Urrestarazu García,futmondo
02/03/2021 - 06:52,Unai Vencedor,1.162.655 €,MIKEL POZO,futmondo
02/03/2021 - 06:52,Masip,2.175.170 €,MIKEL POZO,futmondo
02/03/2021 - 06:36,Coke,3.222.222 €,futmondo,Javier Urrestarazu García
02/03/2021 - 06:36,Piqué,27.512.312 €,futmondo,Javier Urrestarazu García
02/03/2021 - 06:36,Nacho Vidal,5.512.312 €,futmondo,Javier Urrestarazu García
02/03/2021 - 06:36,Rui Silva,16.850.000 €,futmondo,MIKEL POZO
02/03/2021 - 06:36,Dani Escriche,2.000.001 €,futmondo,Tito Floren
02/03/2021 - 06:36,Orellana,22.000.000 €,futmondo,Tito Floren
02/03/2021 - 06:36,Weissman,3.100.009 €,futmondo,Jorge Solitario
01/03/2021 - 08:10,Saponjic,1.035.340 €,Jorge Solitario,futmondo
01/03/2021 - 07:13,Pacheco,12.497.839 €,ANDEReibar,futmondo
01/03/2021 - 07:08,Rigoni,3.318.171 €,Jon Arrieta,futmondo
01/03/2021 - 06:35,Idrissa Doumbia,3.109.009 €,futmondo,Iñigo Baquedano
01/03/2021 - 06:35,Edgar Méndez,2.600.001 €,futmondo,Jorge Solitario
01/03/2021 - 06:35,Gorosabel,22.800.000 €,futmondo,Jon Arrieta
01/03/2021 - 06:35,Ferreiro,20.000.015 €,futmondo,Juanjo
01/03/2021 - 06:35,Marcos André,1.600.000 €,futmondo,Juanjo
01/03/2021 - 06:35,Quique González,1.000.000 €,futmondo,ANDEReibar
28/02/2021 - 07:24,Tachi,1.050.968 €,Jon Arrieta,futmondo
28/02/2021 - 06:34,William Carvalho,1.100.009 €,futmondo,Iñigo Baquedano
28/02/2021 - 06:34,Vesga,1.709.009 €,futmondo,Iñigo Baquedano
27/02/2021 - 15:42,Suso Fernández,37.022.249 €,MIKEL POZO,futmondo
27/02/2021 - 06:34,Illarramendi,15.555.555 €,futmondo,Jorge Solitario
27/02/2021 - 06:34,Dmitrovic,26.100.000 €,futmondo,ANDEReibar
27/02/2021 - 06:34,Rekik,1.550.000 €,futmondo,Jorge Solitario
27/02/2021 - 06:34,Fernando Reges,24.850.000 €,futmondo,MIKEL POZO
26/02/2021 - 23:30,Aritz,13.697.912 €,Juanjo,futmondo
26/02/2021 - 10:19,Zubimendi,1.017.892 €,Tito Floren,futmondo
26/02/2021 - 10:18,Vesga,1.621.609 €,Tito Floren,futmondo
26/02/2021 - 10:18,Jason,1.018.701 €,Tito Floren,futmondo
26/02/2021 - 10:17,Jordi Alba,41.524.759 €,Tito Floren,futmondo
26/02/2021 - 07:01,Neva,4.997.654 €,Iñigo Baquedano,futmondo
26/02/2021 - 06:42,Rubén Duarte,3.547.848 €,MIKEL POZO,futmondo
26/02/2021 - 06:42,Yangel Herrera,14.604.859 €,MIKEL POZO,futmondo
26/02/2021 - 06:37,Guido Rodríguez,18.250.000 €,futmondo,MIKEL POZO
26/02/2021 - 06:37,Rubén Sobrino,1.509.009 €,futmondo,Iñigo Baquedano
25/02/2021 - 23:51,Cala,6.590.729 €,Jorge Solitario,futmondo
25/02/2021 - 09:56,Unai Núñez,1.109.184 €,Javier Urrestarazu García,futmondo
25/02/2021 - 06:36,Unai Vencedor,2.000.001 €,futmondo,MIKEL POZO
25/02/2021 - 06:36,Mojica,6.800.001 €,futmondo,Javier Urrestarazu García
25/02/2021 - 06:36,Edgar Badía,22.068.245 €,futmondo,jose_00014
24/02/2021 - 06:49,Morales,59.541.680 €,MIKEL POZO,futmondo
24/02/2021 - 00:05,Unai Vencedor,1.726.981 €,Iñigo Baquedano,futmondo
23/02/2021 - 10:18,Riqui Puig,1.235.886 €,Jorge Solitario,futmondo
23/02/2021 - 06:36,Hugo Duro,1.100.111 €,futmondo,Jorge Solitario
23/02/2021 - 06:36,Manu García,1.000.100 €,futmondo,MIKEL POZO
23/02/2021 - 06:36,Foyth,1.206.000 €,futmondo,Jorge Solitario
23/02/2021 - 06:36,Bardhi,6.920.430 €,futmondo,jose_00014
23/02/2021 - 06:33,Mingueza,7.756.758 €,MIKEL POZO,futmondo
22/02/2021 - 22:54,Kubo,17.299.100 €,jose_00014,futmondo
22/02/2021 - 22:49,Jaume,11.639.837 €,jose_00014,futmondo
22/02/2021 - 18:59,Germán,8.132.423 €,jose_00014,futmondo
22/02/2021 - 18:34,Umtiti,2.378.141 €,Jon Arrieta,futmondo
22/02/2021 - 06:43,Perea,8.387.427 €,Juanjo,futmondo
22/02/2021 - 06:36,Lekue,1.000.001 €,futmondo,Jorge Solitario
22/02/2021 - 06:36,Kondogbia,3.333.333 €,futmondo,Jon Arrieta
22/02/2021 - 06:36,José Mari,2.409.009 €,futmondo,Iñigo Baquedano
22/02/2021 - 06:36,Jorge Molina,1.584.000 €,futmondo,Jorge Solitario
22/02/2021 - 06:36,Negredo,30.800.000 €,futmondo,MIKEL POZO
21/02/2021 - 22:27,Oliveira,8.384.546 €,Jorge Solitario,futmondo
21/02/2021 - 22:00,Radoja,2.903.943 €,Iñigo Baquedano,futmondo
21/02/2021 - 19:56,Lainez,2.728.985 €,Jorge Solitario,futmondo
21/02/2021 - 08:38,Guedes,14.620.124 €,Jon Arrieta,futmondo
21/02/2021 - 06:35,Maxi Gómez,27.000.088 €,futmondo,ANDEReibar
21/02/2021 - 06:35,Suso Fernández,38.750.000 €,futmondo,MIKEL POZO
21/02/2021 - 06:35,Kang-in Lee,2.777.777 €,futmondo,Jon Arrieta
21/02/2021 - 06:35,Tachi,1.111.111 €,futmondo,Jon Arrieta
20/02/2021 - 22:24,Cucho,14.045.140 €,Juanjo,futmondo
20/02/2021 - 08:38,L. Suárez,29.007.665 €,ANDEReibar,futmondo
20/02/2021 - 06:34,José Ángel,5.100.909 €,futmondo,Iñigo Baquedano
20/02/2021 - 06:34,Javi Galán,27.428.352 €,futmondo,Juanjo
20/02/2021 - 06:34,Yuri,23.500.000 €,futmondo,Jorge Solitario
20/02/2021 - 06:34,Víctor Rodríguez,1.110.000 €,futmondo,Juanjo
19/02/2021 - 15:15,Juanmi,931.975 €,joseba espejo cervo,futmondo
19/02/2021 - 15:15,Lluis Andreu,953.786 €,joseba espejo cervo,futmondo
19/02/2021 - 15:15,Víctor Díaz,1.034.634 €,joseba espejo cervo,futmondo
19/02/2021 - 07:09,Zaldúa,1.267.874 €,Juanjo,futmondo
19/02/2021 - 07:08,Canales,70.149.760 €,Juanjo,futmondo
19/02/2021 - 06:36,Juan Cruz,1.101.807 €,futmondo,ANDEReibar
19/02/2021 - 06:36,Yeray,14.750.000 €,futmondo,MIKEL POZO
18/02/2021 - 07:55,Fernando Reges,18.748.806 €,joseba espejo cervo,futmondo
18/02/2021 - 07:07,Gabriel Paulista,10.552.000 €,Jon Arrieta,futmondo
18/02/2021 - 07:07,Iñaki Williams,42.289.756 €,Jon Arrieta,futmondo
18/02/2021 - 06:36,Correa,28.000.000 €,futmondo,joseba espejo cervo
18/02/2021 - 06:36,Fidel,24.444.444 €,futmondo,Jon Arrieta
18/02/2021 - 06:36,Mario Hermoso,28.100.000 €,futmondo,MIKEL POZO
17/02/2021 - 22:33,Aleix Vidal,2.640.896 €,Jorge Solitario,futmondo
17/02/2021 - 08:19,Mickaël Malsa,10.004.802 €,ANDEReibar,futmondo
17/02/2021 - 06:59,Rubén García,42.528.448 €,MIKEL POZO,futmondo
17/02/2021 - 06:36,Gonalons,1.100.009 €,futmondo,Iñigo Baquedano
17/02/2021 - 06:36,Unai López,1.300.000 €,futmondo,Jon Arrieta
16/02/2021 - 09:05,Jaume Costa,1.162.833 €,Tito Floren,futmondo
16/02/2021 - 06:36,De Jong,60.000.000 €,futmondo,joseba espejo cervo
15/02/2021 - 07:45,Rubén Yáñez,2.456.712 €,Jon Arrieta,futmondo
15/02/2021 - 06:35,Remiro,8.777.777 €,futmondo,Jon Arrieta
15/02/2021 - 06:35,Asensio,27.777.777 €,futmondo,Jon Arrieta
15/02/2021 - 06:35,Guardiola,1.809.009 €,futmondo,Iñigo Baquedano
14/02/2021 - 17:34,Gorosabel,22.004.873 €,Jorge Solitario,futmondo
14/02/2021 - 09:12,Ontiveros,11.261.560 €,Jon Arrieta,futmondo
14/02/2021 - 06:34,Borja Iglesias,7.777.777 €,futmondo,Jon Arrieta
14/02/2021 - 06:34,Jordi Alba,48.000.000 €,futmondo,Tito Floren
14/02/2021 - 06:34,Riqui Puig,1.250.000 €,futmondo,Jorge Solitario
13/02/2021 - 07:40,Ximo Navarro,4.686.193 €,Jon Arrieta,futmondo
13/02/2021 - 06:34,Canales,68.975.487 €,futmondo,Juanjo
13/02/2021 - 06:34,Óliver Torres,2.425.179 €,futmondo,Iñigo Baquedano
13/02/2021 - 06:34,Umtiti,2.333.333 €,futmondo,Jon Arrieta
12/02/2021 - 10:22,Iza,6.911.901 €,Iñigo Baquedano,futmondo
12/02/2021 - 10:06,Diego Carlos,26.310.655 €,Iñigo Baquedano,futmondo
12/02/2021 - 06:36,Calleri,8.241.555 €,futmondo,Juanjo
11/02/2021 - 21:54,Joaquín,4.158.631 €,Iñigo Baquedano,futmondo
11/02/2021 - 11:55,Pedraza,17.496.047 €,Tito Floren,futmondo
11/02/2021 - 07:13,Alcaraz,3.127.576 €,Juanjo,futmondo
11/02/2021 - 06:52,Tachi,1.453.165 €,MIKEL POZO,futmondo
11/02/2021 - 06:51,Edgar Méndez,2.546.426 €,MIKEL POZO,futmondo
11/02/2021 - 06:36,Jaime Seoane,6.709.009 €,futmondo,Iñigo Baquedano
11/02/2021 - 06:36,Jaume Costa,1.500.001 €,futmondo,Tito Floren
11/02/2021 - 06:36,Yoshinori Muto,3.600.000 €,futmondo,MIKEL POZO
11/02/2021 - 06:36,Sandro,3.544.997 €,futmondo,jose_00014
11/02/2021 - 06:36,Manu Vallejo,3.650.000 €,futmondo,MIKEL POZO
11/02/2021 - 00:46,Luismi,1.034.783 €,Iñigo Baquedano,futmondo
11/02/2021 - 00:46,Arambarri,1.054.944 €,Iñigo Baquedano,futmondo
10/02/2021 - 07:51,Bacca,1.006.848 €,ANDEReibar,futmondo
10/02/2021 - 07:51,David Gil,983.757 €,ANDEReibar,futmondo
10/02/2021 - 07:29,Koke,42.392.573 €,Juanjo,futmondo
10/02/2021 - 07:16,Villalibre,1.017.438 €,Javier Urrestarazu García,futmondo
10/02/2021 - 07:16,Yeray,13.475.612 €,Javier Urrestarazu García,futmondo
10/02/2021 - 07:16,Weissman,4.862.941 €,Javier Urrestarazu García,futmondo
10/02/2021 - 06:36,Unai Núñez,3.888.888 €,futmondo,Javier Urrestarazu García
10/02/2021 - 06:36,L. Suárez,33.520.000 €,futmondo,ANDEReibar
10/02/2021 - 06:36,Bruno González,2.600.001 €,futmondo,Tito Floren
09/02/2021 - 07:21,Koke Vegas,1.019.003 €,Tito Floren,futmondo
09/02/2021 - 06:36,Dani García,3.250.000 €,futmondo,MIKEL POZO
09/02/2021 - 06:36,Mingueza,4.900.000 €,futmondo,MIKEL POZO
09/02/2021 - 06:36,En-Nesyri,41.248.454 €,futmondo,Juanjo
09/02/2021 - 06:36,Joselu,26.000.011 €,futmondo,Javier Urrestarazu García
08/02/2021 - 23:49,Juan Cruz,1.206.056 €,Iñigo Baquedano,futmondo
08/02/2021 - 20:47,"""Choco"" Lozano",8.530.142 €,Jorge Solitario,futmondo
08/02/2021 - 10:30,Adrián,1.023.724 €,Jorge Solitario,futmondo
08/02/2021 - 09:46,Coke,1.009.785 €,Jon Arrieta,futmondo
08/02/2021 - 07:11,Marcos Llorente,70.847.581 €,MIKEL POZO,futmondo
08/02/2021 - 06:35,Gorosabel,21.623.001 €,futmondo,Jorge Solitario
08/02/2021 - 06:35,Vezo,2.650.000 €,futmondo,MIKEL POZO
08/02/2021 - 06:35,Joel,3.750.000 €,futmondo,Jon Arrieta
08/02/2021 - 06:35,Portu,57.500.000 €,futmondo,Tito Floren
08/02/2021 - 06:35,Andrés Fernández,1.000.001 €,futmondo,Jorge Solitario
07/02/2021 - 22:38,Boyé,6.500.000 €,Iñigo Baquedano,Javier Urrestarazu García
07/02/2021 - 21:23,San Emeterio,1.009.922 €,Jorge Solitario,futmondo
07/02/2021 - 21:23,Capa,11.084.797 €,Jorge Solitario,futmondo
07/02/2021 - 09:22,Etxeita,1.160.379 €,Juanjo,futmondo
07/02/2021 - 07:57,Jota,1.067.314 €,ANDEReibar,futmondo
07/02/2021 - 06:35,Morales,57.580.000 €,futmondo,MIKEL POZO
06/02/2021 - 06:34,Raúl García,25.309.009 €,futmondo,Iñigo Baquedano
06/02/2021 - 06:34,Diego Carlos,29.209.009 €,futmondo,Iñigo Baquedano
06/02/2021 - 06:34,Edgar Méndez,2.628.000 €,futmondo,MIKEL POZO
06/02/2021 - 06:34,Vesga,2.100.000 €,futmondo,Tito Floren
05/02/2021 - 17:44,Jesús Navas,45.480.348 €,Tito Floren,futmondo
05/02/2021 - 17:42,João Félix,63.010.702 €,Tito Floren,futmondo
05/02/2021 - 09:15,Jorge Molina,978.110 €,MIKEL POZO,futmondo
05/02/2021 - 09:15,Umtiti,2.226.482 €,MIKEL POZO,futmondo
05/02/2021 - 07:59,Gorosabel,21.007.011 €,Iñigo Baquedano,futmondo
05/02/2021 - 07:37,Guido Rodríguez,15.110.826 €,Jon Arrieta,futmondo
05/02/2021 - 06:43,Sergi Enrich,1.025.892 €,Juanjo,futmondo
05/02/2021 - 06:42,Alfon,972.370 €,Juanjo,futmondo
05/02/2021 - 06:37,Blanco,5.150.000 €,futmondo,ANDEReibar
05/02/2021 - 06:37,Maffeo,5.000.485 €,futmondo,Juanjo
04/02/2021 - 21:07,Villalibre,3.000.000 €,Iñigo Baquedano,Javier Urrestarazu García
04/02/2021 - 21:02,Moyá,935.631 €,MIKEL POZO,futmondo
04/02/2021 - 21:02,Funes Mori,1.026.606 €,Javier Urrestarazu García,futmondo
04/02/2021 - 13:10,Sergi Gómez,1.782.612 €,Jorge Solitario,futmondo
04/02/2021 - 10:55,Kroos,49.777.056 €,Jon Arrieta,futmondo
04/02/2021 - 07:16,Carrasco,33.315.833 €,Javier Urrestarazu García,futmondo
04/02/2021 - 06:50,Óscar Plano,11.233.552 €,Juanjo,futmondo
04/02/2021 - 06:50,Niang,1.055.016 €,Juanjo,futmondo
04/02/2021 - 06:36,Fernando Reges,25.000.000 €,futmondo,joseba espejo cervo
04/02/2021 - 06:33,Franco Vázquez,1.048.440 €,Jon Arrieta,futmondo
03/02/2021 - 16:07,Jorge De Frutos,25.000.000 €,joseba espejo cervo,Iñigo Baquedano
03/02/2021 - 07:30,Sergio Álvarez,1.041.005 €,jose_00014,futmondo
03/02/2021 - 07:28,Aidoo,1.069.374 €,Juanjo,futmondo
03/02/2021 - 07:28,Mariano,1.024.994 €,Juanjo,futmondo
03/02/2021 - 07:27,Fekir,47.162.675 €,Juanjo,futmondo
03/02/2021 - 07:14,Sergio Gómez,1.068.605 €,Javier Urrestarazu García,futmondo
03/02/2021 - 06:36,Zubimendi,3.200.000 €,futmondo,Tito Floren
03/02/2021 - 06:36,Pau Torres,43.123.123 €,futmondo,Javier Urrestarazu García
03/02/2021 - 06:36,Aleix Vidal,1.102.000 €,futmondo,Jorge Solitario
03/02/2021 - 06:36,Koke,41.578.754 €,futmondo,Juanjo
03/02/2021 - 06:36,"""Choco"" Lozano",8.933.000 €,futmondo,Jorge Solitario
02/02/2021 - 14:59,Damián Suárez,6.458.672 €,Juanjo,futmondo
02/02/2021 - 14:59,Cheryshev,2.011.582 €,Juanjo,futmondo
02/02/2021 - 09:05,Braithwaite,5.145.438 €,Tito Floren,futmondo
02/02/2021 - 07:56,Remiro,10.220.975 €,Jorge Solitario,futmondo
02/02/2021 - 07:07,Raúl Guti,4.174.522 €,Jon Arrieta,futmondo
02/02/2021 - 06:47,Barrenetxea,2.062.084 €,MIKEL POZO,futmondo
02/02/2021 - 06:46,Doukouré,1.053.854 €,MIKEL POZO,futmondo
02/02/2021 - 06:46,Soares,1.782.216 €,MIKEL POZO,futmondo
02/02/2021 - 06:46,Mathías Olivera,6.804.982 €,MIKEL POZO,futmondo
02/02/2021 - 06:46,Paco Alcácer,45.950.567 €,MIKEL POZO,futmondo
02/02/2021 - 06:35,Marcos Llorente,67.850.000 €,futmondo,MIKEL POZO
02/02/2021 - 06:35,Ontiveros,14.777.777 €,futmondo,Jon Arrieta
02/02/2021 - 06:35,Josan,21.500.000 €,futmondo,Jorge Solitario
01/02/2021 - 07:19,Acuña,15.948.181 €,Iñigo Baquedano,futmondo
01/02/2021 - 06:35,Tachi,1.100.000 €,futmondo,MIKEL POZO
01/02/2021 - 06:35,Soldado,3.950.000 €,futmondo,ANDEReibar
01/02/2021 - 06:35,Kounde,45.555.555 €,futmondo,Jon Arrieta
01/02/2021 - 06:35,Álvaro Fernández,9.100.000 €,futmondo,Jorge Solitario
31/01/2021 - 16:01,Battaglia,3.084.421 €,Juanjo,futmondo
31/01/2021 - 15:36,Rakitic,13.106.750 €,jose_00014,futmondo
31/01/2021 - 06:34,João Félix,66.000.000 €,futmondo,Tito Floren
31/01/2021 - 06:34,Guedes,15.555.555 €,futmondo,Jon Arrieta
31/01/2021 - 06:34,Dembélé,41.850.000 €,futmondo,jose_00014
31/01/2021 - 06:34,Víctor Ruiz,2.317.000 €,futmondo,Jorge Solitario
31/01/2021 - 00:28,Inui,12.940.735 €,Iñigo Baquedano,futmondo
30/01/2021 - 09:31,Gonalons,1.051.984 €,jose_00014,futmondo
30/01/2021 - 06:34,Óscar Plano,12.289.136 €,futmondo,Juanjo
30/01/2021 - 06:34,Íñigo Martínez,15.709.009 €,futmondo,Iñigo Baquedano
30/01/2021 - 06:34,Montoro,4.623.000 €,futmondo,jose_00014
30/01/2021 - 06:34,Papu Gómez,56.000.000 €,futmondo,Tito Floren
30/01/2021 - 06:34,Renato Tapia,24.878.454 €,futmondo,Juanjo
29/01/2021 - 14:10,Maxi Gómez,31.913.496 €,MIKEL POZO,futmondo
29/01/2021 - 06:36,Niang,1.000.000 €,futmondo,Juanjo
29/01/2021 - 06:36,Roberto,1.000.002 €,futmondo,MIKEL POZO
29/01/2021 - 06:36,Mariano,1.000.000 €,futmondo,Juanjo
29/01/2021 - 06:36,Coke,1.000.010 €,futmondo,Jon Arrieta
29/01/2021 - 06:36,Etxeita,1.000.000 €,futmondo,Juanjo
29/01/2021 - 06:36,Aidoo,1.000.000 €,futmondo,Juanjo
28/01/2021 - 15:35,Rui Silva,19.634.925 €,MIKEL POZO,futmondo
28/01/2021 - 09:09,Aridane,11.958.842 €,Tito Floren,futmondo
28/01/2021 - 07:52,Mikel Merino,46.885.272 €,Jon Arrieta,futmondo
28/01/2021 - 06:35,Masip,4.350.000 €,futmondo,MIKEL POZO
28/01/2021 - 06:35,Trincao,1.550.000 €,futmondo,MIKEL POZO
28/01/2021 - 06:35,Solari,4.500.000 €,futmondo,Juanjo
28/01/2021 - 06:35,Kroos,46.666.666 €,futmondo,Jon Arrieta
28/01/2021 - 06:35,Iñaki Williams,42.222.222 €,futmondo,Jon Arrieta
28/01/2021 - 06:35,Umtiti,3.500.000 €,futmondo,MIKEL POZO
27/01/2021 - 09:10,Sanabria,4.532.208 €,Jorge Solitario,futmondo
27/01/2021 - 07:44,M. Dembelé,18.787.136 €,Jon Arrieta,futmondo
27/01/2021 - 07:20,Sergi Roberto,9.391.495 €,Iñigo Baquedano,futmondo
27/01/2021 - 06:35,Tete Morente,6.222.222 €,futmondo,Jorge Solitario
27/01/2021 - 06:35,Jesús Navas,47.000.000 €,futmondo,Tito Floren
27/01/2021 - 06:35,Unai Vencedor,6.409.009 €,futmondo,Iñigo Baquedano
27/01/2021 - 06:35,Alcaraz,5.255.878 €,futmondo,Juanjo
27/01/2021 - 06:35,Cheryshev,2.600.000 €,futmondo,Juanjo
26/01/2021 - 14:06,David García,14.000.000 €,MIKEL POZO,Iñigo Baquedano
26/01/2021 - 08:35,Salvi,12.791.438 €,jose_00014,futmondo
26/01/2021 - 08:33,Mosquera,14.677.332 €,Tito Floren,futmondo
26/01/2021 - 07:47,Wass,17.495.501 €,Jon Arrieta,futmondo
26/01/2021 - 06:51,Rodrygo,941.623 €,Javier Urrestarazu García,futmondo
26/01/2021 - 06:50,Rubén Martínez,1.066.689 €,Javier Urrestarazu García,futmondo
26/01/2021 - 06:50,Kodro,1.033.182 €,Javier Urrestarazu García,futmondo
26/01/2021 - 06:49,Lenglet,14.102.728 €,Javier Urrestarazu García,futmondo
26/01/2021 - 06:44,Akapo,1.065.239 €,Juanjo,futmondo
26/01/2021 - 06:43,Iván Villar,1.055.573 €,Juanjo,futmondo
26/01/2021 - 06:43,Iborra,7.584.995 €,Juanjo,futmondo
26/01/2021 - 06:35,Kubo,26.000.999 €,futmondo,jose_00014
26/01/2021 - 06:35,Aleix García,1.542.350 €,futmondo,ANDEReibar
26/01/2021 - 06:35,Moi Gómez,31.525.000 €,futmondo,jose_00014
26/01/2021 - 06:35,Cala,17.600.006 €,futmondo,Jorge Solitario
26/01/2021 - 06:35,Carrasco,37.231.234 €,futmondo,Javier Urrestarazu García
26/01/2021 - 06:35,Luis Rioja,13.595.555 €,futmondo,ANDEReibar
25/01/2021 - 23:27,Guardado,1.059.494 €,Juanjo,futmondo
25/01/2021 - 20:35,Berenguer,9.290.703 €,MIKEL POZO,futmondo
25/01/2021 - 09:15,Malbasic,1.038.618 €,Tito Floren,futmondo
25/01/2021 - 09:15,Enric Gallego,1.044.859 €,Tito Floren,futmondo
25/01/2021 - 07:45,Marcone,4.805.027 €,Jon Arrieta,futmondo
25/01/2021 - 07:07,Felipe,12.038.719 €,Iñigo Baquedano,futmondo
25/01/2021 - 06:35,Neva,14.209.009 €,futmondo,Iñigo Baquedano
25/01/2021 - 06:35,Paco Alcácer,46.350.000 €,futmondo,MIKEL POZO
25/01/2021 - 06:35,Rubén García,45.300.000 €,futmondo,MIKEL POZO
25/01/2021 - 06:35,Battaglia,3.800.001 €,futmondo,Juanjo
25/01/2021 - 06:35,Fekir,45.285.886 €,futmondo,Juanjo
24/01/2021 - 14:17,Carrillo,1.500.000 €,Jon Arrieta,Juanjo
24/01/2021 - 09:48,Iñaki Peña,1.026.491 €,Jorge Solitario,futmondo
24/01/2021 - 09:38,Nano,1.042.403 €,Jorge Solitario,futmondo
24/01/2021 - 09:28,Odegaard,3.021.591 €,Juanjo,futmondo
24/01/2021 - 09:12,Guidetti,1.068.245 €,jose_00014,futmondo
24/01/2021 - 08:49,Bautista,1.069.898 €,Jon Arrieta,futmondo
24/01/2021 - 08:24,Burgos,9.285.712 €,ANDEReibar,futmondo
24/01/2021 - 06:34,Inui,19.409.009 €,futmondo,Iñigo Baquedano
24/01/2021 - 06:34,Sergi Enrich,1.643.502 €,futmondo,Juanjo
24/01/2021 - 06:34,Juan Cruz,3.109.009 €,futmondo,Iñigo Baquedano
24/01/2021 - 06:34,Isak,33.333.334 €,futmondo,Jorge Solitario
24/01/2021 - 06:34,Giménez,26.543.210 €,futmondo,Javier Urrestarazu García
24/01/2021 - 06:34,Zaldúa,1.456.965 €,futmondo,Juanjo
24/01/2021 - 06:34,Gorosabel,24.309.009 €,futmondo,Iñigo Baquedano
24/01/2021 - 06:34,Maxi Gómez,32.550.000 €,futmondo,MIKEL POZO
23/01/2021 - 23:44,David Soria,8.342.859 €,ANDEReibar,futmondo
23/01/2021 - 22:48,Pacheco,20.800.002 €,Jon Arrieta,ANDEReibar
23/01/2021 - 21:48,Chukwueze,8.631.695 €,Iñigo Baquedano,futmondo
23/01/2021 - 21:31,Pervis Estupiñan,12.435.072 €,Jorge Solitario,futmondo
23/01/2021 - 16:14,Kang-in Lee,3.008.689 €,Javier Urrestarazu García,futmondo
23/01/2021 - 13:29,Guardiola,4.001.794 €,jose_00014,futmondo
23/01/2021 - 13:29,Diego Rodríguez,1.059.893 €,jose_00014,futmondo
23/01/2021 - 12:44,Óscar Rodríguez,1.016.865 €,Jorge Solitario,futmondo
23/01/2021 - 11:53,Willian José,7.217.371 €,Juanjo,futmondo
23/01/2021 - 06:34,Carlos Fernández,10.100.010 €,futmondo,Jon Arrieta
23/01/2021 - 06:34,Guido Rodríguez,20.100.100 €,futmondo,Jon Arrieta
23/01/2021 - 06:34,Mickaël Malsa,12.268.000 €,futmondo,ANDEReibar
23/01/2021 - 06:34,Carlos Fernández,10.100.010 €,futmondo,Jon Arrieta
23/01/2021 - 06:34,Guido Rodríguez,20.100.100 €,futmondo,Jon Arrieta
23/01/2021 - 06:34,Mikel Merino,47.777.777 €,futmondo,Jon Arrieta
23/01/2021 - 06:34,Saponjic,2.800.000 €,futmondo,Jorge Solitario
23/01/2021 - 06:34,Mikel Merino,47.777.777 €,futmondo,Jon Arrieta
